{"train_loss":0.04491600880306676,"train_mae":0.16787013339054258,"gradients/user_embedding.weight":{"bins":[-9.27377914194949e-06,-9.031435183715075e-06,-8.78909122548066e-06,-8.546747267246246e-06,-8.304403309011832e-06,-8.062059350777417e-06,-7.819715392543003e-06,-7.5773714343085885e-06,-7.335027476074174e-06,-7.09268351783976e-06,-6.850339559605345e-06,-6.607995601370931e-06,-6.365651643136516e-06,-6.123307684902102e-06,-5.880963726667687e-06,-5.638619768433273e-06,-5.396275810198858e-06,-5.153931851964444e-06,-4.9115878937300295e-06,-4.669243935495615e-06,-4.4268999772612005e-06,-4.184556019026786e-06,-3.942212060792372e-06,-3.699868102557957e-06,-3.4575241443235427e-06,-3.2151801860891283e-06,-2.972836227854714e-06,-2.7304922696202993e-06,-2.488148311385885e-06,-2.2458043531514704e-06,-2.003460394917056e-06,-1.7611164366826415e-06,-1.518772478448227e-06,-1.2764285202138126e-06,-1.0340845619793981e-06,-7.917406037449837e-07,-5.493966455105692e-07,-3.0705268727615476e-07,-6.47087290417403e-08,1.7763522919267416e-07,4.199791874270886e-07,6.623231456615031e-07,9.046671038959175e-07,1.147011062130332e-06,1.3893550203647465e-06,1.631698978599161e-06,1.8740429368335754e-06,2.11638689506799e-06,2.3587308533024043e-06,2.6010748115368187e-06,2.843418769771233e-06,3.0857627280056477e-06,3.328106686240062e-06,3.5704506444744766e-06,3.812794602708891e-06,4.0551385609433055e-06,4.29748251917772e-06,4.539826477412134e-06,4.782170435646549e-06,5.024514393880963e-06,5.266858352115378e-06,5.509202310349792e-06,5.751546268584207e-06,5.993890226818621e-06,6.236234185053036e-06],"_type":"histogram","values":[1,0,1,1,0,1,1,1,0,0,1,0,2,1,2,3,6,6,3,5,5,6,8,11,14,17,33,24,34,62,92,136,197,396,693,1271,2667,6125,1.587553e+06,4102,1692,876,537,318,207,130,105,65,44,26,19,21,18,12,8,9,4,4,1,1,1,2,1,2]},"_runtime":7637.579685805,"gradients/item_embedding.weight":{"_type":"histogram","values":[1,0,0,0,0,0,0,0,2,0,2,1,2,3,9,9,10,15,19,25,31,38,62,77,145,234,420,726,1700,663003,5398,1633,805,395,235,160,79,56,41,37,13,15,14,4,7,3,6,4,3,4,1,1,1,0,3,0,2,1,0,0,0,0,0,1],"bins":[-1.075338150258176e-05,-1.0394885975983925e-05,-1.0036389539891388e-05,-9.677894013293553e-06,-9.319397577201016e-06,-8.960902050603181e-06,-8.602405614510644e-06,-8.243910087912809e-06,-7.885413651820272e-06,-7.526918125222437e-06,-7.168422143877251e-06,-6.809926162532065e-06,-6.45143063593423e-06,-6.092934654589044e-06,-5.734438673243858e-06,-5.375942691898672e-06,-5.017446710553486e-06,-4.6589507292083e-06,-4.300454747863114e-06,-3.941958766517928e-06,-3.5834630125464173e-06,-3.2249670312012313e-06,-2.8664712772297207e-06,-2.5079752958845347e-06,-2.1494793145393487e-06,-1.7909833331941627e-06,-1.4324874655358144e-06,-1.0739915978774661e-06,-7.154956165322801e-07,-3.5699969203051296e-07,1.4962324712541886e-09,3.5999215697302134e-07,7.184871719800867e-07,1.0769831533252727e-06,1.435479020983621e-06,1.7939748886419693e-06,2.1524708699871553e-06,2.5109668513323413e-06,2.869462605303852e-06,3.227958586649038e-06,3.586454567994224e-06,3.94495054933941e-06,4.303446530684596e-06,4.661942512029782e-06,5.020438038627617e-06,5.378934019972803e-06,5.737430001317989e-06,6.095925982663175e-06,6.454421964008361e-06,6.812917945353547e-06,7.171413926698733e-06,7.529909908043919e-06,7.888405889389105e-06,8.24690141598694e-06,8.605397852079477e-06,8.963893378677312e-06,9.32238981476985e-06,9.680885341367684e-06,1.003938086796552e-05,1.0397877304058056e-05,1.0756372830655891e-05,1.1114869266748428e-05,1.1473364793346263e-05,1.18318612294388e-05,1.2190356756036635e-05]},"_wandb":{"runtime":7637},"epoch":20,"_step":19,"gradients/dense2.weight":{"values":[1,0,0,0,0,0,0,0,0,1,1,0,0,0,0,1,0,0,3,0,3,3,2,5,3,2,11,3,9,4,9,7,6,8,3,8,4,1,6,2,3,2,3,1,1,0,2,1,1,1,1,1,0,1,2,1,0,0,0,0,0,0,0,1],"bins":[-0.000892126583494246,-0.000863201217725873,-0.0008342759101651609,-0.0008053505443967879,-0.0007764252368360758,-0.0007474998710677028,-0.0007185745635069907,-0.0006896491977386177,-0.0006607238901779056,-0.0006317985244095325,-0.0006028731586411595,-0.0005739478510804474,-0.0005450224853120744,-0.0005160971777513623,-0.0004871718119829893,-0.00045824647531844676,-0.0004293211386539042,-0.00040039580198936164,-0.0003714704653248191,-0.00034254512866027653,-0.000313619791995734,-0.00028469442622736096,-0.0002557690895628184,-0.00022684375289827585,-0.0001979184162337333,-0.00016899307956919074,-0.00014006774290464818,-0.0001111423916881904,-8.221705502364784e-05,-5.329171472112648e-05,-2.436637441860512e-05,4.558965883916244e-06,3.348424797877669e-05,6.240958464331925e-05,9.133492858381942e-05,0.00012026027252431959,0.00014918560918886214,0.0001781109458534047,0.00020703629706986248,0.00023596163373440504,0.0002648869703989476,0.00029381230706349015,0.0003227376437280327,0.00035166298039257526,0.0003805883461609483,0.00040951368282549083,0.0004384390194900334,0.00046736435615457594,0.0004962896928191185,0.0005252150585874915,0.0005541403661482036,0.0005830657319165766,0.0006119910394772887,0.0006409164052456617,0.0006698417128063738,0.0006987670785747468,0.000727692386135459,0.000756617751903832,0.000785543117672205,0.0008144684252329171,0.0008433937910012901,0.0008723190985620022,0.0009012444643303752,0.0009301697718910873,0.0009590951376594603],"_type":"histogram"},"test_loss":0.04487134825369142,"gradients/dense1.weight":{"values":[1,0,0,2,0,0,0,0,1,1,0,1,1,2,2,0,4,2,2,6,6,8,12,9,13,16,17,30,25,23,29,31,35,28,32,26,16,16,14,17,12,14,8,12,6,8,6,3,3,3,0,3,1,1,0,2,1,0,0,0,0,0,0,1],"bins":[-0.000248902098974213,-0.000241176676354371,-0.00023345126828644425,-0.00022572584566660225,-0.0002180004375986755,-0.0002102750149788335,-0.0002025495923589915,-0.00019482418429106474,-0.00018709876167122275,-0.00017937333905138075,-0.000171647930983454,-0.000163922508363612,-0.00015619708574377,-0.00014847167767584324,-0.00014074625505600125,-0.00013302084698807448,-0.0001252954243682325,-0.00011757000902434811,-0.00010984459368046373,-0.00010211917106062174,-9.439375571673736e-05,-8.666834037285298e-05,-7.894291775301099e-05,-7.121750240912661e-05,-6.349208706524223e-05,-5.576667172135785e-05,-4.8041252739494666e-05,-4.031583375763148e-05,-3.25904184137471e-05,-2.486500125087332e-05,-1.7139584087999538e-05,-9.414166925125755e-06,-1.6887788660824299e-06,6.036638296791352e-06,1.3762055459665135e-05,2.1487472622538917e-05,2.92128897854127e-05,3.693830512929708e-05,4.4663724111160263e-05,5.238914309302345e-05,6.011455843690783e-05,6.78399737807922e-05,7.556538912467659e-05,8.329081174451858e-05,9.101622708840296e-05,9.874164243228734e-05,0.00010646706505212933,0.00011419248039601371,0.00012191789573989809,0.00012964331835974008,0.00013736872642766684,0.00014509414904750884,0.0001528195571154356,0.0001605449797352776,0.00016827040235511959,0.00017599581042304635,0.00018372123304288834,0.00019144665566273034,0.0001991720637306571,0.0002068974863504991,0.00021462290897034109,0.00022234831703826785,0.00023007373965810984,0.0002377991477260366,0.0002455245703458786],"_type":"histogram"},"gradients/out.weight":{"_type":"histogram","values":[1,0,1,0,0,0,0,0,0,0,0,0,0,0,0,0,0,0,0,0,0,0,0,0,0,0,0,0,0,0,0,0,0,0,1,0,0,0,0,0,0,0,0,0,0,0,0,0,0,0,0,0,0,0,0,0,0,0,0,0,0,0,0,1],