{"test_loss":0.6370209534047737,"gradients/graph_1item_embedding.weight":{"_type":"histogram","values":[1,0,0,0,1,0,1,0,0,1,2,0,1,1,1,3,4,1,7,5,11,16,20,39,43,61,92,171,248,441,702,1247,1946,3252,993974,4504,2562,1486,929,537,331,205,119,64,46,27,22,13,12,5,9,13,2,0,1,0,0,0,1,0,0,1,1,2],"bins":[-0.005399439949542284,-0.005244139116257429,-0.005088838282972574,-0.004933537449687719,-0.0047782366164028645,-0.00462293578311801,-0.004467634949833155,-0.0043123341165483,-0.004157033748924732,-0.004001732915639877,-0.0038464318495243788,-0.003691131016239524,-0.0035358304157853127,-0.0033805295825004578,-0.003225228749215603,-0.003069927915930748,-0.002914627082645893,-0.002759326249361038,-0.0026040254160761833,-0.0024487245827913284,-0.0022934237495064735,-0.0021381231490522623,-0.0019828223157674074,-0.0018275214824825525,-0.0016722206491976976,-0.0015169198159128428,-0.0013616189826279879,-0.0012063182657584548,-0.0010510174324736,-0.000895716599188745,-0.000740415824111551,-0.0005851150490343571,-0.0004298142157495022,-0.00027451341156847775,-0.00011921260738745332,3.6088196793571115e-05,0.00019138900097459555,0.00034668980515562,0.0005019906093366444,0.0006572913844138384,0.0008125922176986933,0.0009678930509835482,0.001123193884268403,0.0012784946011379361,0.001433795434422791,0.001589096267707646,0.001744396984577179,0.0018996978178620338,0.0020549986511468887,0.0022102994844317436,0.0023656003177165985,0.0025209011510014534,0.0026762019842863083,0.0028315025847405195,0.0029868034180253744,0.0031421042513102293,0.003297405084595084,0.003452705917879939,0.003608006751164794,0.003763307584449649,0.00391860818490386,0.004073909018188715,0.00422920985147357,0.004384510684758425,0.00453981151804328]},"train_mae":0.7185826885034667,"train_loss":0.6050504190581185,"gradients/graph_1user_embedding.weight":{"_type":"histogram","values":[1,0,0,0,0,0,0,1,0,0,0,1,0,1,1,0,2,1,1,1,3,5,6,3,5,6,12,23,26,31,57,117,224,766,2.409246e+06,418,160,88,52,36,26,5,8,13,4,4,4,2,3,3,2,0,2,0,1,0,0,1,0,1,0,1,1,1],"bins":[-0.00468739029020071,-0.004550725221633911,-0.004414060153067112,-0.0042773946188390255,-0.004140729550272226,-0.004004064481705427,-0.0038673991803079844,-0.0037307338789105415,-0.0035940688103437424,-0.003457403741776943,-0.0033207384403795004,-0.0031840731389820576,-0.0030474080704152584,-0.0029107430018484592,-0.0027740777004510164,-0.0026374123990535736,-0.0025007473304867744,-0.0023640822619199753,-0.0022274169605225325,-0.0020907516591250896,-0.0019540865905582905,-0.0018174214055761695,-0.0016807562205940485,-0.0015440910356119275,-0.0014074258506298065,-0.0012707606656476855,-0.0011340954806655645,-0.0009974302956834435,-0.0008607651107013226,-0.0007240999257192016,-0.0005874347407370806,-0.0004507695557549596,-0.0003141048364341259,-0.0001774396514520049,-4.077446646988392e-05,9.589071851223707e-05,0.00023255590349435806,0.00036922108847647905,0.0005058862734586,0.000642551458440721,0.000779216643422842,0.000915881828404963,0.001052547013387084,0.001189212198369205,0.001325877383351326,0.001462542568333447,0.001599207753315568,0.001735872938297689,0.00187253812327981,0.002009203191846609,0.002145868493244052,0.0022825337946414948,0.002419198863208294,0.002555863931775093,0.002692529233172536,0.0028291945345699787,0.002965859603136778,0.003102524671703577,0.00323918997310102,0.0033758552744984627,0.003512520343065262,0.003649185411632061,0.003785850713029504,0.003922516014426947,0.004059181082993746]},"_wandb":{"runtime":8997},"test_mae":0.7255904943761502,"_step":19,"_timestamp":1.7343742597661264e+09,"_runtime":8997.362776604,"epoch":20}