{"train_mae":0.15206262376084936,"epoch":40,"gradients/out.bias":{"_type":"histogram","values":[1],"bins":[-0.0019040824845433235,-0.0019040824845433235]},"gradients/out.weight":{"values":[1,0,0,0,0,1,0,0,0,1,0,0,0,0,0,0,0,0,0,0,0,0,1,0,0,0,0,0,0,1,0,0,0,0,0,0,0,0,0,0,0,0,0,0,0,0,0,0,0,0,0,0,0,0,0,0,0,0,0,0,0,0,0,1],"bins":[-0.0023853806778788567,-0.002288445830345154,-0.0021915112156420946,-0.0020945766009390354,-0.0019976417534053326,-0.0019007070222869515,-0.0018037722911685705,-0.0017068375600501895,-0.0016099028289318085,-0.0015129680978134274,-0.0014160333666950464,-0.0013190986355766654,-0.0012221639044582844,-0.0011252291733399034,-0.0010282944422215223,-0.0009313597111031413,-0.0008344249799847603,-0.0007374902488663793,-0.0006405555177479982,-0.0005436207866296172,-0.0004466860555112362,-0.00034975132439285517,-0.00025281659327447414,-0.00015588186215609312,-5.89471310377121e-05,3.7987600080668926e-05,0.00013492233119904995,0.00023185706231743097,0.000328791793435812,0.000425726524554193,0.000522661255672574,0.0006195959867909551,0.0007165307179093361,0.0008134654490277171,0.0009104001801460981,0.0010073349112644792,0.0011042696423828602,0.0012012043735012412,0.0012981391046196222,0.0013950738357380033,0.0014920085668563843,0.0015889432979747653,0.0016858780290931463,0.0017828127602115273,0.0018797474913299084,0.0019766823388636112,0.0020736169535666704,0.0021705515682697296,0.0022674864158034325,0.0023644212633371353,0.0024613558780401945,0.0025582904927432537,0.0026552253402769566,0.0027521601878106594,0.0028490948025137186,0.002946029417216778,0.0030429642647504807,0.0031398991122841835,0.0032368337269872427,0.003333768341690302,0.0034307031892240047,0.0035276380367577076,0.003624572651460767,0.003721507266163826,0.003818442113697529],"_type":"histogram"},"gradients/user_directors_casts.weight":{"_type":"histogram","values":[1,0,0,0,0,0,4,2,7,8,10,15,22,34,49,96,118,186,245,396,544,776,1200,1735,2666,4093,6430,10370,17440,30054,52059,93521,181128,9.6254144e+07,431128,166847,85212,46736,27001,16177,10413,6654,4186,2693,1770,1133,805,545,340,250,181,121,80,53,37,21,18,11,2,4,3,1,2,1],"bins":[-9.780602567843744e-07,-9.49242974002118e-07,-9.204256912198616e-07,-8.916084084376052e-07,-8.627911256553489e-07,-8.339738428730925e-07,-8.051565600908361e-07,-7.763392773085798e-07,-7.475219945263234e-07,-7.18704711744067e-07,-6.898874289618107e-07,-6.610701461795543e-07,-6.322528633972979e-07,-6.034355806150415e-07,-5.746182978327852e-07,-5.458010150505288e-07,-5.169837322682724e-07,-4.881665063294349e-07,-4.593491951254691e-07,-4.3053191234321275e-07,-4.017146295609564e-07,-3.728973467787e-07,-3.4408006399644364e-07,-3.1526278121418727e-07,-2.8644552685364033e-07,-2.5762824407138396e-07,-2.2881094707827287e-07,-1.999936642960165e-07,-1.7117639572461485e-07,-1.4235911294235848e-07,-1.1354183016010211e-07,-8.472454737784574e-08,-5.590726459558937e-08,-2.7089983589689837e-08,1.7272974162096943e-09,3.0544576645752386e-08,5.9361859428008756e-08,8.817914221026513e-08,1.1699641788709414e-07,1.458137006693505e-07,1.7463098345160688e-07,2.0344826623386325e-07,2.3226554901611962e-07,2.610828175875213e-07,2.8990010036977765e-07,3.18717383152034e-07,3.475346659342904e-07,3.7635194871654676e-07,4.0516923149880313e-07,4.339865142810595e-07,4.6280379706331587e-07,4.916210514238628e-07,5.204383342061192e-07,5.492556169883756e-07,5.780728997706319e-07,6.068901825528883e-07,6.357074653351447e-07,6.64524748117401e-07,6.933420308996574e-07,7.221593136819138e-07,7.509765964641701e-07,7.797938792464265e-07,8.086111620286829e-07,8.374284448109393e-07,8.662457275931956e-07]},"_timestamp":1.7341693004304116e+09,"_wandb":{"runtime":19929},"gradients/dense_titles_plots.weight":{"values":[3,1,0,1,4,1,3,5,7,6,8,5,12,12,5,19,22,20,28,29,39,39,41,52,52,50,85,73,75,1049,458,78,75,56,50,43,42,38,37,35,29,21,21,20,7,9,11,7,6,3,3,4,2,0,0,2,2,0,1,0,0,1,0,1],"bins":[-0.0004499030183069408,-0.00043484263005666435,-0.00041978221270255744,-0.000404721824452281,-0.0003896614070981741,-0.00037460101884789765,-0.0003595406305976212,-0.0003444802132435143,-0.00032941982499323785,-0.0003143594367429614,-0.0002992990193888545,-0.00028423863113857806,-0.0002691782428883016,-0.0002541178255341947,-0.00023905743728391826,-0.0002239970344817266,-0.0002089366316795349,-0.00019387622887734324,-0.00017881582607515156,-0.00016375543782487512,-0.00014869503502268344,-0.00013363463222049177,-0.0001185742366942577,-0.00010351384116802365,-8.845343836583197e-05,-7.33930355636403e-05,-5.8332640037406236e-05,-4.327224087319337e-05,-2.82118417089805e-05,-1.3151442544767633e-05,1.9089566194452345e-06,1.6969355783658102e-05,3.202975494787097e-05,4.709015411208384e-05,6.21505532762967e-05,7.721094880253077e-05,9.227135160472244e-05,0.00010733175440691411,0.00012239214265719056,0.00013745254545938224,0.0001525129482615739,0.00016757335106376559,0.00018263375386595726,0.0001976941421162337,0.00021275454491842538,0.00022781494772061706,0.0002428753359708935,0.0002579357533250004,0.00027299614157527685,0.0002880565298255533,0.0003031169471796602,0.00031817733542993665,0.00033323775278404355,0.00034829814103432,0.00036335852928459644,0.00037841894663870335,0.0003934793348889798,0.00040853972313925624,0.00042360014049336314,0.0004386605287436396,0.00045372091699391603,0.00046878133434802294,0.0004838417225982994,0.0004989021108485758,0.0005139625282026827],"_type":"histogram"},"gradients/user_titles_plots.weight":{"_type":"histogram","values":[1,0,0,0,1,2,1,0,1,2,5,11,8,14,25,31,60,98,159,270,422,780,1259,2327,4394,8533,17853,37373,81325,188210,553870,1.39725024e+08,251249,104785,46121,20461,9785,4980,2632,1514,833,466,238,154,77,46,25,19,12,8,4,3,1,6,1,2,3,1,1,1,0,0,0,1],"bins":[-7.639723662578035e-07,-7.394377803393581e-07,-7.149031375774939e-07,-6.903685516590485e-07,-6.658339088971843e-07,-6.412993229787389e-07,-6.167647370602936e-07,-5.922300942984293e-07,-5.67695508379984e-07,-5.431609224615386e-07,-5.186262796996743e-07,-4.94091693781229e-07,-4.6955707944107417e-07,-4.4502246510091936e-07,-4.20487879182474e-07,-3.959532648423192e-07,-3.714186505021644e-07,-3.468840361620096e-07,-3.223494218218548e-07,-2.978148359034094e-07,-2.732802215632546e-07,-2.487456072230998e-07,-2.242110070937997e-07,-1.9967640696449962e-07,-1.7514179262434482e-07,-1.5060717828419e-07,-1.2607257815488992e-07,-1.0153797092016248e-07,-7.700336368543503e-08,-5.246875645070759e-08,-2.7934149215980142e-08,-3.399541981252696e-09,2.113506525347475e-08,4.5669672488202195e-08,7.020427972292964e-08,9.473888695765709e-08,1.1927349419238453e-07,1.4380810853253934e-07,1.6834270866183942e-07,1.928773087911395e-07,2.1741192313129432e-07,2.419465374714491e-07,2.664811518116039e-07,2.910157377300493e-07,3.155503520702041e-07,3.400849664103589e-07,3.646195523288043e-07,3.891541666689591e-07,4.136887810091139e-07,4.382233953492687e-07,4.627580096894235e-07,4.872925956078689e-07,5.118272383697331e-07,5.363618242881785e-07,5.608964102066238e-07,5.854310529684881e-07,6.099656388869334e-07,6.345002248053788e-07,6.590348675672431e-07,6.835694534856884e-07,7.081040394041338e-07,7.32638682165998e-07,7.571732680844434e-07,7.817079108463076e-07,8.06242496764753e-07]},"gradients/dense_weighted_genres.bias":{"_type":"histogram","values":[1,0,0,0,0,0,0,0,0,0,0,0,0,0,0,0,0,0,0,0,0,0,0,0,0,0,0,0,0,0,0,0,0,0,0,0,0,0,0,0,0,0,0,0,0,0,0,0,0,0,0,0,0,0,0,0,0,0,0,0,0,0,0,1],