{"gradients/dense1.bias":{"values":[1,0,0,0,0,1,1,0,0,0,0,1,0,0,0,0,0,0,0,2,2,0,2,0,0,0,1,1,2,1,1,1,0,0,2,0,1,0,0,0,1,1,0,1,1,1,0,1,0,1,1,0,1,0,1,1,0,0,0,0,0,0,0,1],"bins":[-7.971590821398422e-05,-7.721879228483886e-05,-7.47216836316511e-05,-7.222456770250574e-05,-6.972745177336037e-05,-6.723034312017262e-05,-6.473322719102725e-05,-6.22361185378395e-05,-5.9739002608694136e-05,-5.724189031752758e-05,-5.474477802636102e-05,-5.224766209721565e-05,-4.9750549806049094e-05,-4.7253437514882535e-05,-4.475632158573717e-05,-4.225920929457061e-05,-3.976209700340405e-05,-3.726498471223749e-05,-3.476787242107093e-05,-3.227075649192557e-05,-2.977364420075901e-05,-2.727653190959245e-05,-2.4779417799436487e-05,-2.2282303689280525e-05,-1.9785191398113966e-05,-1.7288079106947407e-05,-1.4790964996791445e-05,-1.2293851796130184e-05,-9.796738595468923e-06,-7.299625394807663e-06,-4.802512194146402e-06,-2.3053989934851415e-06,1.917069312185049e-07,2.6888201318797655e-06,5.185933332541026e-06,7.683046533202287e-06,1.0180159733863547e-05,1.2677272934524808e-05,1.5174386135186069e-05,1.767150024534203e-05,2.016861253650859e-05,2.266572482767515e-05,2.516283893783111e-05,2.7659953047987074e-05,3.0157065339153633e-05,3.265417763032019e-05,3.515129355946556e-05,3.7648405850632116e-05,4.0145518141798675e-05,4.2642630432965234e-05,4.513974272413179e-05,4.763685865327716e-05,5.013397094444372e-05,5.2631083235610276e-05,5.512819916475564e-05,5.76253114559222e-05,6.012242374708876e-05,6.261953967623413e-05,6.511664832942188e-05,6.761376425856724e-05,7.011088018771261e-05,7.260798884090036e-05,7.510510477004573e-05,7.760221342323348e-05,8.009932935237885e-05],"_type":"histogram"},"gradients/out.bias":{"values":[1],"bins":[0.00563717819750309,0.00563717819750309],"_type":"histogram"},"train_mae":0.16793299536097814,"train_loss":0.04493028289200287,"_timestamp":1.7335721016293406e+09,"gradients/dense1.weight":{"_type":"histogram","values":[1,0,0,0,0,0,0,0,0,0,0,0,1,2,0,3,0,2,4,0,1,1,3,3,4,7,7,7,16,14,14,27,25,39,44,46,78,77,77,47,43,37,28,18,16,8,18,10,10,3,3,4,4,3,4,3,0,3,0,0,2,0,0,1],"bins":[-0.0003225177642889321,-0.0003139434556942433,-0.00030536914709955454,-0.0002967948094010353,-0.00028822050080634654,-0.00027964619221165776,-0.00027107185451313853,-0.00026249754591844976,-0.000253923237323761,-0.0002453489287290722,-0.0002367746055824682,-0.0002282002824358642,-0.00021962597384117544,-0.00021105166524648666,-0.00020247734209988266,-0.00019390301895327866,-0.0001853287103585899,-0.00017675440176390111,-0.0001681800786172971,-0.0001596057554706931,-0.00015103144687600434,-0.00014245713828131557,-0.00013388281513471156,-0.00012530849198810756,-0.00011673418339341879,-0.0001081598675227724,-9.958555165212601e-05,-9.101123578147963e-05,-8.243691991083324e-05,-7.386260404018685e-05,-6.528828816954046e-05,-5.671397229889408e-05,-4.813968553207815e-05,-3.956536966143176e-05,-3.099105379078537e-05,-2.2416737920138985e-05,-1.3842422049492598e-05,-5.26810617884621e-06,3.306209691800177e-06,1.1880525562446564e-05,2.0454841433092952e-05,2.902915730373934e-05,3.7603473174385726e-05,4.6177789045032114e-05,5.47521049156785e-05,6.332642078632489e-05,7.190073665697128e-05,8.047505252761766e-05,8.904936839826405e-05,9.762368426891044e-05,0.00010619800013955683,0.00011477231601020321,0.0001233466318808496,0.00013192094047553837,0.00014049526362214237,0.00014906958676874638,0.00015764389536343515,0.00016621820395812392,0.00017479252710472792,0.00018336685025133193,0.0001919411588460207,0.00020051546744070947,0.00020908979058731347,0.00021766411373391747,0.00022623842232860625]},"epoch":20,"gradients/item_embedding.weight":{"_type":"histogram","values":[1,0,1,1,0,1,0,0,2,1,5,2,12,6,7,16,17,26,32,52,59,105,146,236,366,631,971,1738,3910,994926,4735,2114,1075,705,426,276,184,130,77,60,41,28,23,12,7,7,6,1,1,2,1,0,1,0,1,0,0,0,0,0,0,0,0,1],"bins":[-7.210667718027253e-06,-6.967381068534451e-06,-6.724093964294298e-06,-6.4808073148014955e-06,-6.2375202105613425e-06,-5.9942335610685404e-06,-5.750946911575738e-06,-5.507659807335585e-06,-5.264373157842783e-06,-5.021086508349981e-06,-4.777799404109828e-06,-4.534512754617026e-06,-4.291226105124224e-06,-4.047939000884071e-06,-3.804652351391269e-06,-3.5613654745247914e-06,-3.318078597658314e-06,-3.0747917207918363e-06,-2.8315048439253587e-06,-2.5882181944325566e-06,-2.344931317566079e-06,-2.1016444406996015e-06,-1.8583576775199617e-06,-1.615070914340322e-06,-1.3717840374738444e-06,-1.1284971606073668e-06,-8.85210397427727e-07,-6.419235774046683e-07,-3.9863675738160964e-07,-1.5534993735855096e-07,8.793688266450772e-08,3.312237026875664e-07,5.745114322053269e-07,8.177982522283855e-07,1.0610850722514442e-06,1.304371835431084e-06,1.5476587122975616e-06,1.7909455891640391e-06,2.0342322386568412e-06,2.2775191155233188e-06,2.5208059923897963e-06,2.764092869256274e-06,3.0073797461227514e-06,3.2506663956155535e-06,3.493953272482031e-06,3.7372401493485086e-06,3.980526798841311e-06,4.223813903081464e-06,4.467100552574266e-06,4.710387202067068e-06,4.953674306307221e-06,5.196960955800023e-06,5.440248060040176e-06,5.683534709532978e-06,5.92682135902578e-06,6.170108463265933e-06,6.413395112758735e-06,6.656681762251537e-06,6.89996886649169e-06,7.143255515984492e-06,7.3865421654772945e-06,7.629829269717447e-06,7.8731163739576e-06,8.116402568703052e-06,8.359689672943205e-06]},"test_loss":0.044888039010500036,"test_mae":0.16784707761428636,"gradients/dense2.weight":{"bins":[-0.0007068967679515481,-0.0006514230626635253,-0.0005959493573755026,-0.0005404755938798189,-0.00048500188859179616,-0.0004295281833037734,-0.0003740544489119202,-0.000318580714520067,-0.0002631070092320442,-0.00020763328939210624,-0.00015215956955216825,-9.668584971223027e-05,-4.121212987229228e-05,1.4261589967645705e-05,6.973530980758369e-05,0.00012520902964752167,0.00018068274948745966,0.00023615646932739764,0.00029163018916733563,0.00034710392355918884,0.0004025776288472116,0.00045805133413523436,0.000513525097630918,0.0005689988029189408,0.0006244725082069635,0.0006799462134949863,0.000735419918783009,0.0007908936822786927,0.0008463673875667155,0.0009018410928547382,0.0009573148563504219,0.0010127885034307837,0.0010682623833417892,0.001123736146837473,0.0011792097939178348,0.0012346835574135184,0.0012901572044938803,0.001345630967989564,0.0014011047314852476,0.0014565783785656095,0.0015120521420612931,0.0015675259055569768,0.0016229995526373386,0.0016784733161330223,0.001733947079628706,0.0017894207267090678,0.0018448944902047515,0.0019003681372851133,0.001955841900780797,0.0020113156642764807,0.0020667894277721643,0.0021222629584372044,0.002177736721932888,0.0022332104854285717,0.0022886842489242554,0.002344158012419939,0.0023996317759156227,0.0024551053065806627,0.0025105790700763464,0.00256605283357203,0.0026215265970677137,0.0026770003605633974,0.0027324738912284374,0.002787947654724121,0.0028434214182198048],"_type":"histogram","values":[2,0,1,0,0,1,1,1,1,4,5,16,26,24,8,10,4,3,0,2,1,1,2,2,3,0,2,0,1,1,0,0,0,1,1,0,0,0,0,0,0,0,1,1,0,0,0,0,0,0,0,0,0,0,0,0,0,0,0,0,0,1,0,1]},"_step":19,"_runtime":7947.289303298,"_wandb":{"runtime":7947},"gradients/out.weight":{"_type":"histogram","values":[1,0,0,1,0,0,0,0,0,0,0,0,0,0,0,0,0,0,1,0,0,0,0,0,0,0,0,0,0,0,0,0,0,0,0,0,0,0,0,0,0,0,0,0,0,0,0,0,0,0,0,0,0,0,0,0,0,0,0,0,0,0,0,1],