{"_wandb":{"runtime":7492},"_runtime":7492.850600746,"train_mae":0.7183746551536709,"train_loss":0.597638824466247,"gradients/item_embedding.weight":{"values":[1,1,0,0,2,1,2,1,0,5,4,5,5,10,18,21,19,35,46,52,77,109,148,206,301,478,703,934,1396,2148,826533,4166,2213,1449,1043,655,467,284,226,145,111,75,67,36,32,21,18,8,9,9,8,3,4,1,2,0,0,1,1,3,1,0,0,1],"bins":[-0.003566506551578641,-0.0034513853024691343,-0.0033362642861902714,-0.0032211430370807648,-0.003106021787971258,-0.002990900771692395,-0.0028757795225828886,-0.002760658273473382,-0.002645537257194519,-0.0025304160080850124,-0.002415294758975506,-0.0023001735098659992,-0.0021850524935871363,-0.0020699312444776297,-0.001954809995368123,-0.0018396888626739383,-0.0017245677299797535,-0.0016094465972855687,-0.001494325348176062,-0.0013792042154818773,-0.0012640829663723707,-0.001148961833678186,-0.0010338407009840012,-0.0009187195100821555,-0.0008035983191803098,-0.0006884771282784641,-0.0005733559373766184,-0.0004582348046824336,-0.0003431136137805879,-0.00022799243743065745,-0.00011287126108072698,2.249915269203484e-06,0.00011737109161913395,0.00023249226796906441,0.0003476134443189949,0.0004627346061170101,0.0005778557970188558,0.0006929769879207015,0.0008080981206148863,0.000923219311516732,0.0010383405024185777,0.0011534616351127625,0.001268582884222269,0.0013837040169164538,0.0014988251496106386,0.0016139463987201452,0.00172906753141433,0.0018441887805238366,0.0019593099132180214,0.002074431162327528,0.002189552178606391,0.0023046734277158976,0.002419794676825404,0.002534915693104267,0.0026500369422137737,0.0027651581913232803,0.002880279440432787,0.00299540045671165,0.0031105217058211565,0.003225642954930663,0.003340763971209526,0.0034558852203190327,0.0035710064694285393,0.0036861274857074022,0.003801248734816909],"_type":"histogram"},"gradients/user_embedding.weight":{"_type":"histogram","values":[1,0,0,0,0,0,1,1,0,1,2,1,1,2,0,2,1,4,7,6,14,16,20,27,30,61,181,368,2.007611e+06,668,207,92,51,28,31,12,8,4,2,3,6,1,1,2,1,0,0,2,0,1,0,0,0,0,0,0,0,0,0,1,0,0,0,1],"bins":[-0.0036316176410764456,-0.0035050834994763136,-0.0033785493578761816,-0.0032520152162760496,-0.003125480841845274,-0.002998946700245142,-0.00287241255864501,-0.002745878417044878,-0.002619344275444746,-0.002492810133844614,-0.002366275992244482,-0.00223974185064435,-0.002113207709044218,-0.0019866733346134424,-0.0018601391930133104,-0.0017336050514131784,-0.0016070709098130465,-0.0014805367682129145,-0.0013540026266127825,-0.0012274683685973287,-0.0011009342269971967,-0.0009744000853970647,-0.0008478658855892718,-0.0007213316857814789,-0.0005947975441813469,-0.00046826337347738445,-0.000341729202773422,-0.00021519503206945956,-8.866086136549711e-05,3.787330933846533e-05,0.00016440748004242778,0.0002909416507463902,0.000417475588619709,0.000544009730219841,0.0006705439300276339,0.0007970781298354268,0.0009236122714355588,0.0010501464130356908,0.0011766806710511446,0.0013032148126512766,0.0014297489542514086,0.0015562830958515406,0.0016828172374516726,0.0018093514954671264,0.0019358856370672584,0.002062419895082712,0.002188954036682844,0.002315488178282976,0.002442022319883108,0.00256855646148324,0.002695090603083372,0.002821624744683504,0.002948158886283636,0.0030746932607144117,0.0032012274023145437,0.0033277615439146757,0.0034542956855148077,0.0035808298271149397,0.0037073639687150717,0.0038338981103152037,0.003960432484745979,0.004086966626346111,0.004213500767946243,0.004340034909546375,0.004466569051146507]},"_timestamp":1.7343651376459658e+09,"test_mae":0.7239294798802811,"epoch":20,"_step":19,"test_loss":0.6215148166594259}