{"gradients/dense1.weight":{"_type":"histogram","values":[1,0,0,0,1,1,0,1,2,0,1,5,2,2,3,3,5,4,6,8,12,12,17,14,17,26,35,45,48,44,47,44,32,26,31,21,18,13,12,7,11,8,6,8,2,5,8,2,1,4,4,1,3,2,4,0,2,0,1,1,0,0,0,1],"bins":[-0.00015106248611118644,-0.00014594948152080178,-0.00014083649148233235,-0.0001357234868919477,-0.00013061048230156302,-0.00012549747771117836,-0.00012038448039675131,-0.00011527148308232427,-0.0001101584784919396,-0.00010504547390155494,-9.99324765871279e-05,-9.481947927270085e-05,-8.970647468231618e-05,-8.459347009193152e-05,-7.948047277750447e-05,-7.436747546307743e-05,-6.925447087269276e-05,-6.41414662823081e-05,-5.9028468967881054e-05,-5.39154680154752e-05,-4.8802467063069344e-05,-4.368946611066349e-05,-3.8576465158257633e-05,-3.346346420585178e-05,-2.8350463253445923e-05,-2.3237462301040068e-05,-1.8124461348634213e-05,-1.3011460396228358e-05,-7.898459443822503e-06,-2.785458491416648e-06,2.327542460989207e-06,7.440543413395062e-06,1.2553558917716146e-05,1.7666559870122e-05,2.2779560822527856e-05,2.789256177493371e-05,3.3005562727339566e-05,3.811856367974542e-05,4.3231564632151276e-05,4.834456558455713e-05,5.3457566536962986e-05,5.857056748936884e-05,6.36835684417747e-05,6.879656575620174e-05,7.39095703465864e-05,7.902257493697107e-05,8.413557225139812e-05,8.924856956582516e-05,9.436157415620983e-05,9.947457874659449e-05,0.00010458757606102154,0.00010970057337544858,0.00011481357796583325,0.00011992658255621791,0.00012503957259468734,0.000130152577185072,0.00013526558177545667,0.00014037858636584133,0.000145491590956226,0.00015060458099469543,0.0001557175855850801,0.00016083059017546475,0.00016594358021393418,0.00017105658480431885,0.0001761695893947035]},"train_loss":0.044892520984207755,"_timestamp":1.7335634423458693e+09,"gradients/user_embedding.weight":{"_type":"histogram","values":[2,2,1,2,2,1,2,1,1,3,4,8,13,10,29,29,33,56,71,120,157,252,434,764,1208,2240,5187,1.983638e+06,7511,3512,1703,957,598,356,217,125,58,54,32,16,15,10,8,9,4,7,3,3,2,2,2,0,2,0,0,0,1,0,0,1,0,1,0,1],"bins":[-4.262716629455099e-06,-4.108983375772368e-06,-3.9552496673422866e-06,-3.801516413659556e-06,-3.647783159976825e-06,-3.4940499062940944e-06,-3.3403164252376882e-06,-3.186582944181282e-06,-3.0328496904985514e-06,-2.8791164368158206e-06,-2.7253829557594145e-06,-2.5716494747030083e-06,-2.4179162210202776e-06,-2.264182967337547e-06,-2.1104494862811407e-06,-1.9567160052247345e-06,-1.8029827515420038e-06,-1.6492493841724354e-06,-1.495516016802867e-06,-1.3417826494332985e-06,-1.18804928206373e-06,-1.0343159146941616e-06,-8.805825473245932e-07,-7.268491799550247e-07,-5.731158125854563e-07,-4.1938244521588786e-07,-2.656490778463194e-07,-1.1191571047675097e-07,4.181765689281747e-08,1.955510242623859e-07,3.4928439163195435e-07,5.030177590015228e-07,6.567515811184421e-07,8.104849484880106e-07,9.64218315857579e-07,1.1179516832271474e-06,1.2716850505967159e-06,1.4254184179662843e-06,1.5791517853358528e-06,1.7328851527054212e-06,1.8866185200749896e-06,2.0403517737577204e-06,2.1940852548141265e-06,2.3478187358705327e-06,2.5015519895532634e-06,2.655285243235994e-06,2.8090187242924003e-06,2.9627522053488065e-06,3.116485459031537e-06,3.270218712714268e-06,3.423952193770674e-06,3.5776856748270802e-06,3.731418928509811e-06,3.885152182192542e-06,4.038885890622623e-06,4.192619144305354e-06,4.346352397988085e-06,4.500085651670815e-06,4.653818905353546e-06,4.807552613783628e-06,4.9612858674663585e-06,5.115019121149089e-06,5.268752829579171e-06,5.4224860832619015e-06,5.576219336944632e-06]},"train_mae":0.16775359083196484,"test_mae":0.16765549475766875,"gradients/out.weight":{"bins":[2.2523301595356315e-05,8.1199461419601e-05,0.00013987562851980329,0.00019855177379213274,0.00025722794816829264,0.0003159040934406221,0.000374580267816782,0.00043325641308911145,0.0004919325583614409,0.0005506087327376008,0.0006092849071137607,0.0006679610814899206,0.0007266371976584196,0.0007853133720345795,0.0008439895464107394,0.0009026657207868993,0.0009613418369553983,0.0010200180113315582,0.0010786941275000572,0.001137370360083878,0.001196046476252377,0.0012547227088361979,0.0013133988250046968,0.0013720749411731958,0.0014307511737570167,0.0014894272899255157,0.0015481034060940146,0.0016067796386778355,0.0016654557548463345,0.0017241319874301553,0.0017828081035986543,0.0018414842197671533,0.001900160452350974,0.001958836568519473,0.002017512684687972,0.0020761890336871147,0.0021348651498556137,0.0021935412660241127,0.0022522173821926117,0.0023108934983611107,0.0023695696145296097,0.0024282459635287523,0.0024869220796972513,0.0025455981958657503,0.0026042743120342493,0.0026629504282027483,0.002721626777201891,0.00278030289337039,0.002838979009538889,0.002897655125707388,0.002956331241875887,0.0030150075908750296,0.0030736837070435286,0.0031323598232120275,0.0031910359393805265,0.0032497120555490255,0.003308388404548168,0.003367064520716667,0.003425740636885166,0.003484416753053665,0.003543092869222164,0.003601768985390663,0.003660445334389806,0.003719121450558305,0.0037777975667268038],"_type":"histogram","values":[1,0,0,0,0,0,0,0,0,0,0,0,0,0,0,0,1,1,0,0,0,0,0,0,0,0,0,0,0,0,0,0,0,0,0,0,0,0,0,0,0,0,0,0,0,0,0,0,0,0,0,0,0,0,0,0,0,0,0,0,0,0,0,1]},"gradients/dense2.weight":{"values":[2,1,0,0,1,1,1,0,1,2,2,0,1,2,4,9,6,5,7,10,13,10,5,3,5,5,2,1,4,4,1,0,1,0,1,1,2,0,1,2,1,2,0,0,0,2,0,0,2,0,0,1,1,0,0,0,0,1,0,1,0,0,0,1],"bins":[-0.00024559517623856664,-0.00023243590840138495,-0.00021927664056420326,-0.0002061173872789368,-0.00019295811944175512,-0.00017979885160457343,-0.00016663958376739174,-0.00015348031593021005,-0.0001403210626449436,-0.0001271617948077619,-0.00011400252697058022,-0.00010084325913339853,-8.768399129621685e-05,-7.452473073499277e-05,-6.136546289781108e-05,-4.8206198698608205e-05,-3.5046934499405324e-05,-2.1887670300202444e-05,-8.72840428201016e-06,4.430860826687422e-06,1.7590125935385004e-05,3.0749390134587884e-05,4.390865797176957e-05,5.706792217097245e-05,7.022718637017533e-05,8.338645420735702e-05,9.654571476858109e-05,0.00010970498260576278,0.00012286425044294447,0.00013602351828012615,0.0001491827715653926,0.0001623420394025743,0.000175501307239756,0.00018866057507693768,0.00020181984291411936,0.00021497909619938582,0.0002281383640365675,0.0002412976318737492,0.00025445688515901566,0.00026761615299619734,0.00028077542083337903,0.0002939346886705607,0.0003070939565077424,0.0003202532243449241,0.0003334124921821058,0.00034657176001928747,0.00035973102785646915,0.00037289029569365084,0.00038604956353083253,0.00039920880226418376,0.00041236807010136545,0.00042552733793854713,0.0004386866057757288,0.0004518458736129105,0.0004650051414500922,0.0004781644092872739,0.0004913236480206251,0.0005044829449616373,0.0005176421836949885,0.0005308014806360006,0.0005439607193693519,0.000557120016310364,0.0005702792550437152,0.0005834385519847274,0.0005965977907180786],"_type":"histogram"},